Title,Link,Vote
Apollo will close down on June 30th (reddit.com),https://old.reddit.com/r/apolloapp/comments/144f6xm/apollo_will_close_down_on_june_30th_reddits/,3299
The Last Egg (brr.fyi),https://brr.fyi/posts/the-last-egg,584
Mechanical Apple Watch from real e-waste Apple Watch (instructables.com),https://www.instructables.com/Mechanical-Apple-Watch-From-Real-E-Waste-Apple-Wat/,488
ArchiveTeam has saved over 11.2B Reddit links (reddit.com),https://old.reddit.com/r/DataHoarder/comments/142l1i0/archiveteam_has_saved_over_108_billion_reddit/,457
Reddark: Website to watch subreddits going dark (reddark.netlify.app),https://reddark.netlify.app/,437
Apollo Back end just made public (reddit.com),https://old.reddit.com/r/apolloapp/comments/144l6se/apollo_backend_just_made_public_the_goal_of/,406
Understanding GPT tokenizers (simonwillison.net),https://simonwillison.net/2023/Jun/8/gpt-tokenizers/,384
Taurine deficiency as a driver of aging (science.org),https://www.science.org/doi/10.1126/science.abn9257,311
Startup Incorporation for Founders: A new handbook (clerky.com),https://handbooks.clerky.com/startup-incorporation,282
Mark Zuckerberg on Apple’s Vision Pro headset (theverge.com),https://www.theverge.com/2023/6/8/23754239/mark-zuckerberg-meta-apple-vision-pro-headset,276
Average color of the NYC sky every 5 minutes (nskyc.com),https://nskyc.com/,274
Shreddit is a Python program to remove all your Reddit comments (github.com/x89),https://github.com/x89/Shreddit,263
Launch HN: Fastgen (YC W23) – Visual Low-Code Backend Builder,item?id=36225520,261
Weird GPT-4 behavior for the specific string “ davidjl” (twitter.com/goodside),https://twitter.com/goodside/status/1666598580319035392,249
AI browser extensions are a security nightmare (kolide.com),https://www.kolide.com/blog/ai-browser-extensions-are-a-security-nightmare,248
"Show HN: Private, text to entity-relationship diagram tool (databasediagram.com)",https://databasediagram.com,240
Infinite Mac: Classic Macintosh system releases and software on a web browser (infinitemac.org),https://infinitemac.org/,200
The Stack Overflow Creative Commons Data Dump has been turned off (meta.stackexchange.com),https://meta.stackexchange.com/a/390023/6212,188
Microsoft DeviceScript – TypeScript for Tiny IoT Devices (github.com/microsoft),https://github.com/microsoft/devicescript,184
Manjaro is a free and open source Linux operating system that emphasizes privacy (manjaro.org),https://manjaro.org/,170
"Google un-bans Downloader app, but developer still mad about “broken” DMCA (arstechnica.com)",https://arstechnica.com/tech-policy/2023/06/google-un-bans-downloader-app-but-developer-still-mad-about-broken-dmca/,162
Flipper Zero Self Destructs an Electricity Smart Meter (rtl-sdr.com),https://www.rtl-sdr.com/flipper-zero-self-destructs-an-electricity-smart-meter/,145
Do no harm petition: Don't give big tech access to our medical records (wemove.eu),https://act.wemove.eu/campaigns/medical-records,122
"I bought the only physical encyclopedia still in print, and I regret nothing (arstechnica.com)",https://arstechnica.com/culture/2023/06/rejoice-its-2023-and-you-can-still-buy-a-22-volume-paper-encyclopedia/,116
OpenMW: Open-source TES3: Morrowind reimplementation (gitlab.com/openmw),https://gitlab.com/OpenMW/openmw,102
